id,Director
180,Steven Spielberg
74,Steven Spielberg
744,Tony Scott
2119,Tony Scott
2604,Oliver Stone
137113,Doug Liman
616,Edward Zwick
345,Stanley Kubrick
881,Rob Reiner
2253,Bryan Singer
954,Brian De Palma
37834,James Mangold
956,J.J. Abrams
955,John Woo
37233,Sydney Pollack
177677,Christopher McQuarrie
56292,Brad Bird
1538,Michael Mann
9390,Cameron Crowe
1903,Cameron Crowe
75780,Christopher McQuarrie
87502,Robert Zemeckis
4982,Ridley Scott
9509,Tony Scott
8963,Tony Scott
44048,Tony Scott
18487,Tony Scott
156022,Antoine Fuqua
2034,Antoine Fuqua
9481,Phillip Noyce
10684,Edward Zwick
9882,Edward Zwick
388,Spike Lee
8470,Nick Cassavetes
41823,Spike Lee
20504,Albert Hughes
136400,Baltasar Korm퍭패kur
8467,NA
17979,Robert Zemeckis
3594,Joel Schumacher
8871,Ron Howard
2123,Bobby Farrelly
100042,Bobby Farrelly
310,Tom Shadyac
1624,Tom Shadyac
3049,Tom Shadyac
58224,Mark Waters
854,Chuck Russell
10201,Peyton Reed
9894,Ben Stiller
38,Michel Gondry
37165,Peter Weir
857,Steven Spielberg
640,Steven Spielberg
594,Steven Spielberg
296098,Steven Spielberg
88794,Clint Eastwood
13,Robert Zemeckis
8358,Robert Zemeckis
5255,Robert Zemeckis
12113,Ridley Scott
118,Tim Burton
62213,Tim Burton
162,Tim Burton
3933,Tim Burton
106646,Martin Scorsese
11324,Martin Scorsese
1422,Martin Scorsese
3131,Martin Scorsese
1593,Shawn Levy
181533,Shawn Levy
18360,Shawn Levy
27205,Christopher Nolan
13448,Ron Howard
568,Ron Howard
591,Ron Howard
2619,Ron Howard
1587,Lasse Hallstr퍭冬m
1372,Edward Zwick
866,Marc Forster
59108,Brett Ratner
9384,Todd Phillips
58,Gore Verbinski
862,John Lasseter
109424,Paul Greengrass
22,Gore Verbinski
863,John Lasseter
4147,Sam Mendes
285,Gore Verbinski
4148,Sam Mendes
44896,Gore Verbinski
953,Eric Darnell
1597,Jay Roach
80321,Eric Darnell
2074,David O. Russell
10527,Eric Darnell
693,Jay Roach
116745,Ben Stiller
7446,Ben Stiller
1865,Rob Marshall
9398,Ben Stiller
1907,Danny Boyle
281957,Alejandro G. I퍭欄퍭패rritu
64682,Baz Luhrmann
768,Albert Hughes
454,Baz Luhrmann
622,Roman Polanski
241259,James Bobin
9614,Dennis Dugan
50546,Dennis Dugan
9032,Dennis Dugan
38365,Dennis Dugan
10202,Adam Shankman
109418,Dennis Dugan
10661,Dennis Dugan
71880,Dennis Dugan
257344,Chris Columbus
9339,Frank Coraci
10663,Frank Coraci
1824,Peter Segal
9291,Peter Segal
8810,NA
44603,Clint Eastwood
286217,Ridley Scott
39538,Steven Soderbergh
11323,Steven Soderbergh
2675,M. Night Shyamalan
3595,Ron Howard
2501,Doug Liman
2503,Paul Greengrass
2024,Roland Emmerich
2502,Paul Greengrass
8834,Richard Donner
943,Richard Donner
944,Richard Donner
324668,Paul Greengrass
9355,George Miller
9659,George Miller
2112,Brian Helgeland
197,Mel Gibson
10590,Randall Wallace
152760,George Clooney
1213,Anthony Minghella
74465,Cameron Crowe
68724,Neill Blomkamp
1572,NA
161,Steven Soderbergh
9802,Michael Bay
298,Steven Soderbergh
1389,Steven Soderbergh
95,Michael Bay
163,Steven Soderbergh
415,Joel Schumacher
745,M. Night Shyamalan
9741,M. Night Shyamalan
23742,Kevin Smith
4944,Ethan Coen
562,John McTiernan
83666,Wes Anderson
658,Guy Hamilton
22947,Jason Reitman
1573,Renny Harlin
36819,Terry Gilliam
681,Guy Hamilton
2133,Wolfgang Petersen
711,Gus Van Sant
657,Terence Young
65057,Alexander Payne
36670,Irvin Kershner
667,Lewis Gilbert
1571,Len Wiseman
134,Joel Coen
19959,Jonathan Mostow
6520,Jerry Zucker
11775,Joel Coen
660,Terence Young
47964,John Moore
646,Terence Young
85,Steven Spielberg
89,Steven Spielberg
87,Steven Spielberg
217,Steven Spielberg
2655,Robert Zemeckis
869,Tim Burton
769,Martin Scorsese
103,Martin Scorsese
1598,Martin Scorsese
524,Martin Scorsese
134374,Michael Bay
91314,Michael Bay
8645,M. Night Shyamalan
8292,John Singleton
280,James Cameron
819,Barry Levinson
218,James Cameron
7485,Antoine Fuqua
36955,James Cameron
9654,F. Gary Gray
9331,Phillip Noyce
9869,Phillip Noyce
62838,Garry Marshall
106,John McTiernan
45317,David O. Russell
257211,Nancy Meyers
9535,Harold Ramis
9593,John McTiernan
951,Ivan Reitman
9493,Ivan Reitman
6068,Ivan Reitman
9268,Chuck Russell
9772,Wolfgang Petersen
1777,Michael Moore
137093,Jon Turteltaub
9279,Brian Levant
296,Jonathan Mostow
9281,Peter Weir
77866,Baltasar Korm퍭패kur
13051,John Moore
879,Steven Spielberg
147441,Ridley Scott
680,Quentin Tarantino
155,Christopher Nolan
49026,Christopher Nolan
272,Christopher Nolan
2976,Adam Shankman
318846,Adam McKay
801,Barry Levinson
788,Chris Columbus
9895,Barry Levinson
4551,F. Gary Gray
534,McG
10312,Tom Shadyac
2275,Simon West
168672,David O. Russell
8012,Barry Sonnenfeld
7873,David Ayer
754,John Woo
9294,Jon Turteltaub
9208,John Woo
207,Peter Weir
621,Randal Kleiser
2959,Ken Kwapis
11322,Michael Mann
9928,Chris Wedge
489,Gus Van Sant
688,Clint Eastwood
9374,Robert Zemeckis
4105,Ridley Scott
1900,Steven Soderbergh
9737,Michael Bay
807,David Fincher
2649,David Fincher
9798,Tony Scott
16869,Quentin Tarantino
33909,Oliver Stone
10483,Paul W.S. Anderson
4476,Edward Zwick
72190,Marc Forster
315664,Stephen Frears
9087,Rob Reiner
8984,Barry Levinson
228150,David Ayer
6479,Francis Lawrence
602,Roland Emmerich
6073,Gore Verbinski
41154,Barry Sonnenfeld
22897,Nancy Meyers
297761,David Ayer
107,Guy Ritchie
606,Sydney Pollack
652,Wolfgang Petersen
4108,Louis Leterrier
9335,Louis Leterrier
8488,Andy Tennant
8848,Roger Donaldson
224141,Rob Marshall
350,David Frankel
12103,Gary Fleder
2048,Alex Proyas
10998,Adrian Lyne
1948,Mark Neveldine
204082,Gary Fleder
1164,Alejandro G. I퍭欄퍭패rritu
15092,Mark Neveldine
82696,David Frankel
424,Steven Spielberg
59436,Woody Allen
676,Michael Bay
8224,Joel Schumacher
210577,David Fincher
96,Tony Scott
1852,Oliver Stone
1832,Kevin Smith
2255,Kevin Smith
544,Bobby Farrelly
10358,Kevin Smith
48988,Bobby Farrelly
1262,Marc Forster
8699,Adam McKay
12133,Adam McKay
9718,Adam McKay
27581,Adam McKay
109443,Adam McKay
225574,Jaume Collet-Serra
1581,Nancy Meyers
48138,Jaume Collet-Serra
920,John Lasseter
1701,Simon West
707,John Glen
699,John Glen
700,John Glen
195589,Nicholas Stoller
49013,John Lasseter
209112,Zack Snyder
4327,McG
325133,Nicholas Stoller
9327,Tom Shadyac
9471,McG
10024,Nick Cassavetes
1621,John Landis
9620,John Woo
192141,John Erick Dowdle
2059,Jon Turteltaub
10719,Jon Favreau
253,Guy Hamilton
1893,George Lucas
682,Guy Hamilton
193610,Nick Cassavetes
10708,Steve Carr
306,John Landis
10756,Rob Minkoff
10808,Steve Carr
2757,Spike Jonze
14306,David Frankel
71676,Mark Neveldine
260346,Olivier Megaton
82675,Olivier Megaton
10184,Ken Kwapis
691,Lewis Gilbert
39513,Greg Mottola
698,Lewis Gilbert
75174,Joe Carnahan
4964,Judd Apatow
15512,Rob Letterman
8007,John Moore
13811,Alex Proyas
76494,Kirk Jones
40805,Michel Gondry
82695,NA
9488,NA
13223,Clint Eastwood
70,Clint Eastwood
33,Clint Eastwood
11901,Clint Eastwood
5551,Clint Eastwood
10724,Clint Eastwood
39254,Shawn Levy
65754,David Fincher
37799,David Fincher
1124,Christopher Nolan
10022,Adam Shankman
7451,Rob Cohen
36668,Brett Ratner
10634,F. Gary Gray
8068,Robert Rodriguez
1428,Robert Rodriguez
10764,Marc Forster
13680,Andy Fickman
184315,Brett Ratner
13836,Andy Fickman
12279,Robert Rodriguez
168259,James Wan
127585,Bryan Singer
36557,Martin Campbell
291805,Jon M. Chu
1656,Martin Campbell
37724,Sam Mendes
206647,Sam Mendes
76170,James Mangold
9342,Martin Campbell
1266,David Ayer
817,Jay Roach
10611,Tim Story
168530,Tim Story
816,Jay Roach
818,Jay Roach
72559,Jon M. Chu
604,Lana Wachowski
75656,Louis Leterrier
808,Andrew Adamson
603,Lana Wachowski
4836,Matthew Vaughn
809,Andrew Adamson
46195,Carlos Saldanha
605,Lana Wachowski
10471,Steve Carr
172385,Carlos Saldanha
10192,Mike Mitchell
9334,Chuck Russell
11637,Brian Levant
10200,Scott Derrickson
51497,Justin Lin
1637,Jan de Bont
2787,David Twohy
16614,Greg Mottola
302699,Rawson Marshall Thurber
87421,David Twohy
21301,Kevin Rodney Sullivan
671,NA
3580,Clint Eastwood
703,Woody Allen
268,Tim Burton
11561,Woody Allen
11302,Woody Allen
11624,Woody Allen
462,Steven Soderbergh
1645,Joel Schumacher
1858,Michael Bay
38356,Michael Bay
8373,Michael Bay
157336,Christopher Nolan
820,Oliver Stone
9563,Oliver Stone
320,Christopher Nolan
240,Francis Ford Coppola
71679,Paul W.S. Anderson
35791,Paul W.S. Anderson
242,Francis Ford Coppola
1576,Paul W.S. Anderson
42807,Richard Linklater
11228,Rob Cohen
52451,Paul W.S. Anderson
2018,Adam Shankman
241251,Rob Cohen
694,Stanley Kubrick
672,Chris Columbus
307081,Antoine Fuqua
7350,Rob Reiner
243,Stephen Frears
114,Garry Marshall
43347,Edward Zwick
787,Doug Liman
27576,Phillip Noyce
41733,Todd Phillips
4806,Garry Marshall
111,Brian De Palma
14161,Roland Emmerich
117,Brian De Palma
77016,David Ayer
2832,James Mangold
710,Martin Campbell
913,John McTiernan
2142,James Mangold
192102,McG
6964,Nancy Meyers
76163,Simon West
8916,Eric Darnell
1995,Simon West
1726,Jon Favreau
10528,Guy Ritchie
9986,Gary Winick
58574,Guy Ritchie
9350,Renny Harlin
107846,Mikael H퍭諾fstr퍭冬m
10138,Jon Favreau
8367,Kevin Reynolds
3021,Mikael H퍭諾fstr퍭冬m
254904,Roger Donaldson
9804,Kevin Reynolds
9619,Roger Donaldson
4379,Robert Luketic
8676,Andy Tennant
674,Mike Newell
767,David Yates
675,David Yates
492,Spike Jonze
3536,Jonathan Mostow
2755,Alexander Payne
8271,D.J. Caruso
8843,Tarsem Singh
45612,Duncan Jones
13027,D.J. Caruso
9543,Mike Newell
12403,David Twohy
36643,Michael Apted
7303,Wayne Wang
1996,Jan de Bont
62764,Tarsem Singh
9454,NA
7942,NA
41439,NA
208134,NA
4380,NA
10014,NA
190859,Clint Eastwood
105,Robert Zemeckis
165,Robert Zemeckis
196,Robert Zemeckis
98,Ridley Scott
20662,Ridley Scott
587,Tim Burton
9833,Joel Schumacher
453,Ron Howard
273248,Quentin Tarantino
80,Richard Linklater
120,Peter Jackson
122,Peter Jackson
121,Peter Jackson
479,John Singleton
11431,Bobby Farrelly
92591,Richard Linklater
1584,Richard Linklater
132344,Richard Linklater
76,Richard Linklater
28178,Lasse Hallstr퍭冬m
380,Barry Levinson
44264,Ethan Coen
4232,Wes Craven
586,Barry Levinson
18785,Todd Phillips
227156,Phillip Noyce
45243,Todd Phillips
117263,Antoine Fuqua
26390,Antoine Fuqua
41446,Wes Craven
4233,Wes Craven
4234,Wes Craven
131634,Francis Lawrence
101299,Francis Lawrence
138843,James Wan
9836,George Miller
1271,Zack Snyder
82693,David O. Russell
49018,James Wan
259693,James Wan
131631,Francis Lawrence
9007,Mark Waters
274479,David O. Russell
59962,McG
86834,Darren Aronofsky
10160,Stephen Hopkins
14405,Raja Gosnell
627,Danny Boyle
10137,Rob Minkoff
177,Terry Gilliam
1895,George Lucas
9576,Sydney Pollack
232672,Frank Coraci
10072,Chuck Russell
1894,George Lucas
6950,Wolfgang Petersen
8835,Robert Luketic
11529,Andy Tennant
10131,Renny Harlin
27573,Andy Tennant
326,David R. Ellis
115,Joel Coen
747,Edgar Wright
4638,Edgar Wright
257445,Rob Letterman
2652,David Slade
7214,Thomas Carter
107985,Edgar Wright
82507,Scott Derrickson
16290,Jeff Tremaine
12094,Jeff Tremaine
2251,Adrian Lyne
215,Darren Lynn Bousman
214,Darren Lynn Bousman
9012,Jeff Tremaine
663,Darren Lynn Bousman
38745,Rob Letterman
1892,NA
72197,NA
35019,NA
612,Steven Spielberg
11831,Steven Spielberg
322,Clint Eastwood
22954,Clint Eastwood
686,Robert Zemeckis
11873,Martin Scorsese
77930,Steven Soderbergh
4547,David Fincher
11007,Shawn Levy
9799,Rob Cohen
592,Francis Ford Coppola
8840,Rob Cohen
5780,Alfred Hitchcock
584,John Singleton
9641,Adam Shankman
10678,Adam Shankman
6977,Ethan Coen
597,James Cameron
19995,James Cameron
557,Sam Raimi
558,Sam Raimi
9880,Garry Marshall
228194,Lasse Hallstr퍭冬m
11130,Garry Marshall
1165,Stephen Frears
559,Sam Raimi
256961,Andy Fickman
76341,George Miller
137,Harold Ramis
607,Barry Sonnenfeld
957,Mel Brooks
10156,Mel Brooks
10890,Ivan Reitman
12535,Mel Brooks
435,Roland Emmerich
608,Barry Sonnenfeld
32823,Nicholas Stoller
13475,J.J. Abrams
54138,J.J. Abrams
9428,Wes Anderson
11697,John Ford
1779,Michael Moore
179,Sydney Pollack
11362,Kevin Reynolds
2359,Michael Moore
1430,Michael Moore
4584,Ang Lee
13909,John Ford
187017,Phil Lord
9759,David R. Ellis
64688,Phil Lord
24420,Robert Schwentke
276907,Brian Helgeland
8355,Carlos Saldanha
950,Carlos Saldanha
48289,John Madden
9315,Robert Schwentke
15875,John Ford
10521,Gary Winick
18823,Louis Leterrier
9767,Peyton Reed
1927,Ang Lee
38317,Frank Coraci
14560,Steve Carr
1891,Irvin Kershner
11,Irvin Kershner
57165,Jonathan Liebesman
100402,Anthony Russo
24226,Sidney Lumet
64690,Nicolas Winding Refn
22881,John Lee Hancock
470,Alejandro G. I퍭欄퍭패rritu
271110,Anthony Russo
425,Chris Wedge
10139,Gus Van Sant
590,Stephen Daldry
8363,Greg Mottola
615,Mel Gibson
824,Baz Luhrmann
18533,Nicolas Winding Refn
18240,Anne Fletcher
9036,Frank Marshall
9762,Anne Fletcher
188927,Justin Lin
245,Chris Weitz
712,Mike Newell
140823,John Lee Hancock
8536,Richard Lester
8055,Stephen Daldry
136795,Paul Feig
10316,George Clooney
14635,John Lee Hancock
9472,Rawson Marshall Thurber
11283,Kirk Jones
232679,Thomas Carter
9437,Gary Fleder
35688,Tyler Perry
17202,Tyler Perry
16781,Tyler Perry
24021,David Slade
8966,Catherine Hardwicke
18239,Chris Weitz
77987,Nicolas Winding Refn
153,Sofia Coppola
12193,Seth Gordon
180,Tom Cruise
74,Tom Cruise
744,Tom Cruise
2119,Tom Cruise
2604,Tom Cruise
137113,Tom Cruise
616,Tom Cruise
345,Tom Cruise
881,Tom Cruise
2253,Tom Cruise
954,Tom Cruise
37834,Tom Cruise
956,Tom Cruise
955,Tom Cruise
37233,Tom Cruise
177677,Tom Cruise
56292,Tom Cruise
1538,Tom Cruise
9390,Tom Cruise
1903,Tom Cruise
75780,Tom Cruise
87502,Denzel Washington
4982,Denzel Washington
9509,Denzel Washington
8963,Denzel Washington
44048,Denzel Washington
18487,Denzel Washington
156022,Denzel Washington
2034,Denzel Washington
9481,Denzel Washington
10684,Denzel Washington
9882,Denzel Washington
388,Denzel Washington
8470,Denzel Washington
41823,Denzel Washington
20504,Denzel Washington
136400,Denzel Washington
8467,Jim Carrey
17979,Jim Carrey
3594,Jim Carrey
8871,Jim Carrey
2123,Jim Carrey
100042,Jim Carrey
310,Jim Carrey
1624,Jim Carrey
3049,Jim Carrey
58224,Jim Carrey
854,Jim Carrey
10201,Jim Carrey
9894,Jim Carrey
38,Jim Carrey
37165,Jim Carrey
857,Tom Hanks
640,Leonardo DiCaprio
594,Tom Hanks
296098,Tom Hanks
88794,Leonardo DiCaprio
13,Tom Hanks
8358,Tom Hanks
5255,Tom Hanks
12113,Leonardo DiCaprio
118,Johnny Depp
62213,Johnny Depp
162,Johnny Depp
3933,Johnny Depp
106646,Leonardo DiCaprio
11324,Leonardo DiCaprio
1422,Leonardo DiCaprio
3131,Leonardo DiCaprio
1593,Ben Stiller
181533,Ben Stiller
18360,Ben Stiller
27205,Leonardo DiCaprio
13448,Tom Hanks
568,Tom Hanks
591,Tom Hanks
2619,Tom Hanks
1587,Johnny Depp
1372,Leonardo DiCaprio
866,Johnny Depp
59108,Ben Stiller
9384,Ben Stiller
58,Johnny Depp
862,Tom Hanks
109424,Tom Hanks
22,Johnny Depp
863,Tom Hanks
4147,Tom Hanks
285,Johnny Depp
4148,Leonardo DiCaprio
44896,Johnny Depp
953,Ben Stiller
1597,Ben Stiller
80321,Ben Stiller
2074,Ben Stiller
10527,Ben Stiller
693,Ben Stiller
116745,Ben Stiller
7446,Ben Stiller
1865,Johnny Depp
9398,Ben Stiller
1907,Leonardo DiCaprio
281957,Leonardo DiCaprio
64682,Leonardo DiCaprio
768,Johnny Depp
454,Leonardo DiCaprio
622,Johnny Depp
241259,Johnny Depp
9614,Adam Sandler
50546,Adam Sandler
9032,Adam Sandler
38365,Adam Sandler
10202,Adam Sandler
109418,Adam Sandler
10661,Adam Sandler
71880,Adam Sandler
257344,Adam Sandler
9339,Adam Sandler
10663,Adam Sandler
1824,Adam Sandler
9291,Adam Sandler
8810,Mel Gibson
44603,Matt Damon
286217,Matt Damon
39538,Matt Damon
11323,Matt Damon
2675,Mel Gibson
3595,Mel Gibson
2501,Matt Damon
2503,Matt Damon
2024,Mel Gibson
2502,Matt Damon
8834,Mel Gibson
943,Mel Gibson
944,Mel Gibson
324668,Matt Damon
9355,Mel Gibson
9659,Mel Gibson
2112,Mel Gibson
197,Mel Gibson
10590,Mel Gibson
152760,Matt Damon
1213,Matt Damon
74465,Matt Damon
68724,Matt Damon
1572,Bruce Willis
161,George Clooney
9802,Sean Connery
298,George Clooney
1389,George Clooney
95,Bruce Willis
163,George Clooney
415,George Clooney
745,Bruce Willis
9741,Bruce Willis
23742,Bruce Willis
4944,George Clooney
562,Bruce Willis
83666,Bruce Willis
658,Sean Connery
22947,George Clooney
1573,Bruce Willis
36819,Sean Connery
681,Sean Connery
2133,George Clooney
711,Sean Connery
657,Sean Connery
65057,George Clooney
36670,Sean Connery
667,Sean Connery
1571,Bruce Willis
134,George Clooney
19959,Bruce Willis
6520,Sean Connery
11775,George Clooney
660,Sean Connery
47964,Bruce Willis
646,Sean Connery
85,Harrison Ford
89,Harrison Ford
87,Harrison Ford
217,Harrison Ford
2655,Harrison Ford
869,Mark Wahlberg
769,Robert De Niro
103,Robert De Niro
1598,Robert De Niro
524,Robert De Niro
134374,Mark Wahlberg
91314,Mark Wahlberg
8645,Mark Wahlberg
8292,Mark Wahlberg
280,Arnold Schwarzenegger
819,Robert De Niro
218,Arnold Schwarzenegger
7485,Mark Wahlberg
36955,Arnold Schwarzenegger
9654,Mark Wahlberg
9331,Harrison Ford
9869,Harrison Ford
62838,Robert De Niro
106,Arnold Schwarzenegger
45317,Mark Wahlberg
257211,Robert De Niro
9535,Robert De Niro
9593,Arnold Schwarzenegger
951,Arnold Schwarzenegger
9493,Arnold Schwarzenegger
6068,Harrison Ford
9268,Arnold Schwarzenegger
9772,Harrison Ford
1777,Robert De Niro
137093,Robert De Niro
9279,Arnold Schwarzenegger
296,Arnold Schwarzenegger
9281,Harrison Ford
77866,Mark Wahlberg
13051,Mark Wahlberg
879,Robin Williams
147441,Christian Bale
680,John Travolta
155,Christian Bale
49026,Christian Bale
272,Christian Bale
2976,John Travolta
318846,Christian Bale
801,Robin Williams
788,Robin Williams
9895,Robin Williams
4551,John Travolta
534,Christian Bale
10312,Robin Williams
2275,John Travolta
168672,Christian Bale
8012,John Travolta
7873,Christian Bale
754,John Travolta
9294,John Travolta
9208,John Travolta
207,Robin Williams
621,John Travolta
2959,Robin Williams
11322,Christian Bale
9928,Robin Williams
489,Robin Williams
688,Meryl Streep
9374,Meryl Streep
4105,Michael Douglas
1900,Michael Douglas
9737,Will Smith
807,Brad Pitt
2649,Michael Douglas
9798,Will Smith
16869,Brad Pitt
33909,Michael Douglas
10483,Jason Statham
4476,Brad Pitt
72190,Brad Pitt
315664,Meryl Streep
9087,Michael Douglas
8984,Michael Douglas
228150,Brad Pitt
6479,Will Smith
602,Will Smith
6073,Brad Pitt
41154,Will Smith
22897,Meryl Streep
297761,Will Smith
107,Jason Statham
606,Meryl Streep
652,Brad Pitt
4108,Jason Statham
9335,Jason Statham
8488,Will Smith
8848,Jason Statham
224141,Meryl Streep
350,Meryl Streep
12103,Michael Douglas
2048,Will Smith
10998,Michael Douglas
1948,Jason Statham
204082,Jason Statham
1164,Brad Pitt
15092,Jason Statham
82696,Meryl Streep
424,Liam Neeson
59436,Owen Wilson
676,Ben Affleck
8224,Nicolas Cage
210577,Ben Affleck
96,Eddie Murphy
1852,Nicolas Cage
1832,Ben Affleck
2255,Ben Affleck
544,Cameron Diaz
10358,Seth Rogen
48988,Owen Wilson
1262,Will Ferrell
8699,Will Ferrell
12133,Will Ferrell
9718,Will Ferrell
27581,Will Ferrell
109443,Will Ferrell
225574,Liam Neeson
1581,Cameron Diaz
48138,Liam Neeson
920,Owen Wilson
1701,Nicolas Cage
707,Roger Moore
699,Roger Moore
700,Roger Moore
195589,Seth Rogen
49013,Owen Wilson
209112,Ben Affleck
4327,Cameron Diaz
325133,Seth Rogen
9327,Eddie Murphy
9471,Cameron Diaz
10024,Cameron Diaz
1621,Eddie Murphy
9620,Ben Affleck
192141,Owen Wilson
2059,Nicolas Cage
10719,Will Ferrell
253,Roger Moore
1893,Liam Neeson
682,Roger Moore
193610,Cameron Diaz
10708,Eddie Murphy
306,Eddie Murphy
10756,Eddie Murphy
10808,Eddie Murphy
2757,Nicolas Cage
14306,Owen Wilson
71676,Nicolas Cage
260346,Liam Neeson
82675,Liam Neeson
10184,Ben Affleck
691,Roger Moore
39513,Seth Rogen
698,Roger Moore
75174,Liam Neeson
4964,Seth Rogen
15512,Seth Rogen
8007,Owen Wilson
13811,Nicolas Cage
76494,Cameron Diaz
40805,Seth Rogen
82695,Hugh Jackman
9488,Antonio Banderas
13223,Clint Eastwood
70,Clint Eastwood
33,Clint Eastwood
11901,Clint Eastwood
5551,Clint Eastwood
10724,Clint Eastwood
39254,Hugh Jackman
65754,Daniel Craig
37799,Jesse Eisenberg
1124,Hugh Jackman
10022,Vin Diesel
7451,Vin Diesel
36668,Hugh Jackman
10634,Ice Cube
8068,Antonio Banderas
1428,Antonio Banderas
10764,Daniel Craig
13680,Dwayne Johnson
184315,Dwayne Johnson
13836,Dwayne Johnson
12279,Antonio Banderas
168259,Vin Diesel
127585,Hugh Jackman
36557,Daniel Craig
291805,Jesse Eisenberg
1656,Antonio Banderas
37724,Daniel Craig
206647,Daniel Craig
76170,Hugh Jackman
9342,Antonio Banderas
1266,Keanu Reeves
817,Mike Myers
10611,Ice Cube
168530,Ice Cube
816,Mike Myers
818,Mike Myers
72559,Dwayne Johnson
604,Keanu Reeves
75656,Jesse Eisenberg
808,Mike Myers
603,Keanu Reeves
4836,Daniel Craig
809,Mike Myers
46195,Jesse Eisenberg
605,Keanu Reeves
10471,Ice Cube
172385,Jesse Eisenberg
10192,Mike Myers
9334,Dwayne Johnson
11637,Ice Cube
10200,Keanu Reeves
51497,Vin Diesel
1637,Keanu Reeves
2787,Vin Diesel
16614,Jesse Eisenberg
302699,Dwayne Johnson
87421,Vin Diesel
21301,Ice Cube
671,Daniel Radcliffe
3580,Angelina Jolie
703,Woody Allen
268,Jack Nicholson
11561,Woody Allen
11302,Woody Allen
11624,Woody Allen
462,Julia Roberts
1645,Matthew McConaughey
1858,Shia LaBeouf
38356,Shia LaBeouf
8373,Shia LaBeouf
157336,Matthew McConaughey
820,Kevin Costner
9563,Al Pacino
320,Al Pacino
240,Al Pacino
71679,Milla Jovovich
35791,Milla Jovovich
242,Al Pacino
1576,Milla Jovovich
42807,Matthew McConaughey
11228,Sylvester Stallone
52451,Milla Jovovich
2018,Jennifer Lopez
241251,Jennifer Lopez
694,Jack Nicholson
672,Daniel Radcliffe
307081,Jake Gyllenhaal
7350,Jack Nicholson
243,John Cusack
114,Julia Roberts
43347,Jake Gyllenhaal
787,Angelina Jolie
27576,Angelina Jolie
41733,Robert Downey Jr.
4806,Julia Roberts
111,Al Pacino
14161,John Cusack
117,Kevin Costner
77016,Jake Gyllenhaal
2832,John Cusack
710,Pierce Brosnan
913,Pierce Brosnan
2142,Sylvester Stallone
192102,Kevin Costner
6964,Jack Nicholson
76163,Sylvester Stallone
8916,Woody Allen
1995,Angelina Jolie
1726,Robert Downey Jr.
10528,Robert Downey Jr.
9986,Julia Roberts
58574,Robert Downey Jr.
9350,Sylvester Stallone
107846,Sylvester Stallone
10138,Robert Downey Jr.
8367,Kevin Costner
3021,John Cusack
254904,Pierce Brosnan
9804,Kevin Costner
9619,Pierce Brosnan
4379,Jennifer Lopez
8676,Matthew McConaughey
674,Daniel Radcliffe
767,Daniel Radcliffe
675,Daniel Radcliffe
492,John Cusack
3536,Matthew McConaughey
2755,Jack Nicholson
8271,Shia LaBeouf
8843,Jennifer Lopez
45612,Jake Gyllenhaal
13027,Shia LaBeouf
9543,Jake Gyllenhaal
12403,Milla Jovovich
36643,Pierce Brosnan
7303,Jennifer Lopez
1996,Angelina Jolie
62764,Julia Roberts
9454,Drew Barrymore
7942,Simon Pegg
41439,Tobin Bell
208134,Johnny Knoxville
4380,Richard Gere
10014,Robert Englund
190859,Bradley Cooper
105,Michael J. Fox
165,Michael J. Fox
196,Michael J. Fox
98,Russell Crowe
20662,Russell Crowe
587,Ewan McGregor
9833,Gerard Butler
453,Russell Crowe
273248,Samuel L. Jackson
80,Ethan Hawke
120,Elijah Wood
122,Elijah Wood
121,Elijah Wood
479,Samuel L. Jackson
11431,Drew Barrymore
92591,Jack Black
1584,Jack Black
132344,Ethan Hawke
76,Ethan Hawke
28178,Richard Gere
380,Dustin Hoffman
44264,Jeff Bridges
4232,David Arquette
586,Dustin Hoffman
18785,Bradley Cooper
227156,Jeff Bridges
45243,Bradley Cooper
117263,Gerard Butler
26390,Richard Gere
41446,David Arquette
4233,David Arquette
4234,David Arquette
131634,Jennifer Lawrence
101299,Jennifer Lawrence
138843,Patrick Wilson
9836,Elijah Wood
1271,Gerard Butler
82693,Bradley Cooper
49018,Patrick Wilson
259693,Patrick Wilson
131631,Jennifer Lawrence
9007,Reese Witherspoon
274479,Jennifer Lawrence
59962,Reese Witherspoon
86834,Russell Crowe
10160,Robert Englund
14405,Drew Barrymore
627,Ewan McGregor
10137,Michael J. Fox
177,Jeff Bridges
1895,Ewan McGregor
9576,Dustin Hoffman
232672,Drew Barrymore
10072,Robert Englund
1894,Ewan McGregor
6950,Dustin Hoffman
8835,Reese Witherspoon
11529,Reese Witherspoon
10131,Robert Englund
27573,Gerard Butler
326,Samuel L. Jackson
115,Jeff Bridges
747,Simon Pegg
4638,Simon Pegg
257445,Jack Black
2652,Patrick Wilson
7214,Samuel L. Jackson
107985,Simon Pegg
82507,Ethan Hawke
16290,Johnny Knoxville
12094,Johnny Knoxville
2251,Richard Gere
215,Tobin Bell
214,Tobin Bell
9012,Johnny Knoxville
663,Tobin Bell
38745,Jack Black
1892,Mark Hamill
72197,Hugh Grant
35019,Emma Thompson
612,Eric Bana
11831,Morgan Freeman
322,Sean Penn
22954,Morgan Freeman
686,Jodie Foster
11873,Paul Newman
77930,Channing Tatum
4547,Jodie Foster
11007,Steve Martin
9799,Paul Walker
592,Gene Hackman
8840,Dennis Quaid
5780,Paul Newman
584,Paul Walker
9641,Steve Martin
10678,Steve Martin
6977,Tommy Lee Jones
597,Kate Winslet
19995,Sam Worthington
557,Tobey Maguire
558,Tobey Maguire
9880,Anne Hathaway
228194,Helen Mirren
11130,Anne Hathaway
1165,Helen Mirren
559,Tobey Maguire
256961,Kevin James
76341,Tom Hardy
137,Bill Murray
607,Tommy Lee Jones
957,Mel Brooks
10156,Mel Brooks
10890,Bill Murray
12535,Mel Brooks
435,Dennis Quaid
608,Tommy Lee Jones
32823,Jonah Hill
13475,Chris Pine
54138,Chris Pine
9428,Gene Hackman
11697,John Wayne
1779,Michael Moore
179,Nicole Kidman
11362,Jim Caviezel
2359,Michael Moore
1430,Michael Moore
4584,Kate Winslet
13909,John Wayne
187017,Jonah Hill
9759,Chris Evans
64688,Channing Tatum
24420,Eric Bana
276907,Tom Hardy
8355,Ray Romano
950,Ray Romano
48289,Helen Mirren
9315,Jodie Foster
15875,John Wayne
10521,Anne Hathaway
18823,Sam Worthington
9767,Vince Vaughn
1927,Eric Bana
38317,Kevin James
14560,Kevin James
1891,Mark Hamill
11,Mark Hamill
57165,Sam Worthington
100402,Chris Evans
24226,Paul Newman
64690,Ryan Gosling
22881,Sandra Bullock
470,Sean Penn
271110,Chris Evans
425,Ray Romano
10139,Sean Penn
590,Nicole Kidman
8363,Jonah Hill
615,Jim Caviezel
824,Nicole Kidman
18533,Tom Hardy
18240,Sandra Bullock
9036,Paul Walker
9762,Channing Tatum
188927,Chris Pine
245,Hugh Grant
712,Hugh Grant
140823,Emma Thompson
8536,Gene Hackman
8055,Kate Winslet
136795,Sandra Bullock
10316,Ryan Gosling
14635,Dennis Quaid
9472,Vince Vaughn
11283,Emma Thompson
232679,Jim Caviezel
9437,Morgan Freeman
35688,Tyler Perry
17202,Tyler Perry
16781,Tyler Perry
24021,Kristen Stewart
8966,Kristen Stewart
18239,Kristen Stewart
77987,Ryan Gosling
153,Bill Murray
12193,Vince Vaughn